is unhappy...such as a prisoner in my own home...  http://plurk.com/p/yuvgp,0
@sPraize_22 i love red lobster i want some ,0
@DanaeNicoleRudd no of course not u want to make it on your own so it feels even better when you do ,4
@alice_cullen53 How are you Alice ,4
"Weather is good, sitting outside ",4
"FOUND EM!!! on a day I have to work, the sun is finally shining ",0
@Jonasbrothers please reply to me  i never get a reply from anyone who is actually important ....,0
"Still not liking Twitter... not nearly like I do Facebook. And, I still can't figure out how to get the icon for it on my BlackBerry ",0
Phone's not working ,0
I just don't understand ... why we don't use Arabic letters  while Tweeting ...  I feel sorry for us ,0
"@MariamUAE hope you have a great week too ,our week starts tomorrow thou so im having another lazy day today ",4
"@bronzedolphin77 Jim is getting change for sk8nbree - take your time, no need to run any red lights.  ",4
@Bookwhisperer37 i wish it was 38 degrees here! my fingers are long gone frozen hehe. ps. trying to @koffeemug addicted to twitter.. ,4
i said i dont believe in choosing between people so yea now im single ,0
@ashleytisdale saw you on the german tv yesterday. youre awesome! your perfomance was great  did you met some german actors?,4
@DAEONE  you don't love me anymore!,0
is at work.. lol.. im all alone here.. ,4
i have stomatitis now  have to take B vitamins tablets...,0
"had a great day in the forest, together with Johannes  He can be very arduous! D",4
This makes me sad!  http://www.nbc.com/Will_&amp;_Grace_Finale/downloads/wgf_wallpaper_1024x768.jpg,0
Last of 3 nights at work...looking forward to a nice day tomorrow at Kings Island ,4
@DarkPiano finally got the opportunity to listen to Stage 4-how beautiful! What a heartfelt piece and a beautiful message ,4
@saraSTILLbossy I hope it helps. There is no simple channel to support for twitter. ,0
is having easy day! ,4
@moritheil So then I can find you and punch you in the dick? ,4
"@neverspring well yeah, and... maybe... play... ",4
and away i go to do my exam ,4
@tekhelet In that case I might have to threaten the taking away of Farmers Union Iced Coffee ,4
"#Logies Harold better win the Gold Logie haha or Adam Hills, or Rove  I hate Gretel Kileen, who ever hired her for that is an igneranous",4
ahhhh i keep having pain in my body ,0
i hear thunder~~~~ ,4
"@GeriWagner Ah! You're an early 90s' person, too.  I'm a '91. xP",4
misses Doni at work ,0
"I'm soo tired! and happy  oh! and I've had my hair cut!  i love it short  long (N) NAHH WAY! :L atm, reading Fruits Basket online (L)",4
@MrsKerryKatona glad 2hear it kerry!!! didnt know u were on gmtv this morning &amp; i missed it! ,0
Truthfully these two terms just don't work for me &quot;newbie&quot; and &quot;uber&quot; go figure. ,4
At applebee's watching @jennlogan play beer/vodka pong chatting with @stonemeandaspit. Good times ,4
@ddlovato hey demi! im your biggest fan here in the philippines! ,4
I feel really confident about these two mixes!! ,4
@brianlogandales. Hah mine broke for the third timmme ,0
its 2am and my eyes itch like crazy. i def have fucking pink eye. SCREW YOU BOSS!CATHI. beware all who have hugged me recently ,0
"@lazyballerina LOL, it is.  But I often use multiple tweets! Not sure what that says about me? ",4
@trulyjess Seriously considering seeing UP tomorrow ,4
lol...I see Oprah is now using twitter...she needs my Twitter Trick ebook  http://infosteals.com/twittertrick/ I think she could afford it,4
@allysonalfonso aw hope you feel better ,4
Thinking about going to bed. Hannah's graduation tomorrow (today) lol ,4
@hayliek sorry about the msg earlier  can't wait 4 a reply from u haha xox Michele remember me your friend,0
"@Courageous_one It's been a day of inspiration, goes to show we all have something  amazing to offer given the right platform ",4
#TheTonyAwards Guys and Dolls: Sit down you're rocking the boat. Flashback to high school theatre. I was Nicely Nicely  LOVE IT!,4
@arianataiaroa You could search aerobics on limewire? I did that.. One of my girls broke her leg ,0
does not mean to sabotage the way she does.  ,0
@twebbstack oh I hope he didn't die  haha we need us some @shaunjumpnow,0
so wants the new Jo Bros album butcan;t get it yet! ,0
Who honestly expected anything different in Iran?  +1 to #humannature ,0
Really hungry... So tempted to finish off this half eaten pound cake off a patient's tray... ,0
@gemmapritchard1 at 10.30 at night?  you ARE a domestic goddess ,4
listening to the 3rd razorlight album... its abit shit ,0
dreads the morning commute from alabang to makati ,0
@TracyReneeJones awww thank u!! Big hair is the best ,4
good nice cool peopple follow me ,4
And they're toffees so my teeth aren't happy.  W8n 4 thm 2 pull a filling out ,0
"@caitkitt PS I'm really looking forward to Black &amp; White, especially after reading that short story prelude for it ",4
(sniffs sniffs) Crying over a story....so lame ,0
"Recovering from a Seafood mistake, seems old stomach cant handle food on the go..Wanna seefood go? ",0
Going to go hang out with my chicks .. ,4
"@dinkydootwo Happy if you are ;) Well, I still have some washing and other things to do, that makes me a little less happy ;) But fine! ",4
@beantownblond good knight sweetie!! ,4
@thelongmile  you're making me sad.,0
"just cut my hair!OMG!so shortt.haha.so ur not goin there?im sryy,tdi k ex trus sency,tapi gak lama2, masi sakit kakinya  cium duluuu !!",0
"@tokaino sorry  my tweet didn't give the details just a link to my site, so guessed I hadn't been clear enough (which is often the case!)",0
"@emoras how could anyone hate you? Except early in the morning if you have all that boundless energy, I could understand hate then ",4
Nordstrom's has great custumer service! Having some articles of clothing set aside for a Member was extremely &quot;user friendly&quot; Thanks! ,4
I am officially doing business in Jamaica ,4
 Found her JRM icons!,4
Getting ready to go to the movies !! ,4
my mum took my mobile ,0
Kris Allen on The Tonight Show  http://bit.ly/4as1rW,4
Recap and our BGT verdict on http://damianlove.co.uk/ We've been blogging like crazy. Our fingers hurt from typing so much. ,0
"Going to Massey dance recital tonight! I get to see Paige, Casey and other people I haven't seen in forever! ",4
@shrnclrk  Apparently she eventually heeded the call,4
chillin! ,4
@laurencetimms Argos was disturbingly uneventful. I'm disappointed. ,0
@GeoBlack_Cat yes 10yrs of a wild ride. She's a keeper if she puts up w/ me. ,4
"Added &quot;grabit&quot; drill bits to my tools, but it appears this Park allen tool head is too hard for the grabit to drill into ",0
"@abfdc oops, thought I'd turned off all updates. fixed now, sorry bout that ",4
My dog hurt his paw last night and is limping this morning ,0
is relaxing after the crazy wedding weekend pool party later ,4
What? TUESDAY??  ,0
"@OwainBetts chainreaction are one of the suppliers  http://tinyurl.com/c4xyxs - and the prices are in a sale and just for the frame, ouch ",4
aww man skewl iz out ii cnt believe it it went bii so freakin fast man imma mizz every1 especially elle reisha nd coco ,0
@Protegez_Moi stop posting abou eurovision you loser! i did watch it though ,0
Bit soggy after run today. It was only 1/2 hour cos my mom had guests. Had good starters  Wonder what's for dinner?,4
I am a huge fan of today.  I'm more than a little sad that it's over. ,0
watching &quot;Inside the Vietnam War&quot; on National Geographic....I'm so sleepy ,0
@MargotWit Succes morgen! Trusten! ,4
I can't believe i'm about to go to my last class ever in Australia ,0
"#twattypos ... most of my tweets, sadly. ",0
cleaning out room ,4
"@leslieberg Oh it was alright, I drank way too much as usual!  7 am came pretty early this morning ",0
So disappointing ,0
@Ashley_NK Me too chica. I always lose shit. This time I used a tiny wallet like paper thin black. Hard to see! Shit!! ,0
With Nadia ,4
brainstorming.... designing.... i love it ,4
@MsJuicy313 Ooooo oooo oooh!!! Pick me! Pick me! Since everyone has flaked on passport readiness  And I NEED a va-cay,0
@sneaketh I'm hoping and wishing you enjoy a final cracker of day at college  and make some more amazing memories to take away with you ,4
"@iMmopukCP Its Nathan133 here, guess what I reached the limit on twittering again ",0
Ugh I just ripped back both toe up socks I have been learning to knit  too big and floppy. Starting over cuz I just had coffee (at 12am),0
@bugxo yes it's very awesome ,4
@ebassman I'll be waitin to hear... Looking forward to what you come up with ,4
@Trickiliz13 That's good. She's sooocute! My kitty's here purring her happy little heart out  She's such a princess!!!,4
@Sixxjohn ahhh....the memories! good times for the most part. but as they say...all good things must come 2 an end. ,0
"off to  slow start, somewhat planned... the boo had us up much of the night cuz she couldn't breathe - cold+TX allergies ",0
"@kwengert1 me too. Legs mostly, but some stiffness in the neck and back. Forgot to eat a bananna afterwards ",0
@jenjengiles I remember I was such a good tomagotchi mom! When I went  to school I told my mom to feed it and it would die  she forgot,0
Phil Collins is one of my heroes.  I love him &lt;3,4
I was sooo devious today! ,4
I actaully sat and watched a whole series of The Hills today #thehills This is what happens when your PS3 breaks and its raining! ,0
"long white dress, this must be some kind of joke. Virgin please, she ain't fooling these folks  oh @therealpickler has the best songs!",4
@zwinky101 oh ok  well tell us what the new twitter is please,0
@rkref the YouTube link didn't work. And I can't use flash player. iPhone. ,0
@goodforyoursoul Bet it was awesome anyway. Congrats on 8 years! ,4
I am so getting sick. I can feel it. ,0
@PaulaCoMayo I'm sorry ur not feeling well!  I pray u have a speedy recovery,0
"@lovehasnologic ughhhhhhhhh .....yes! and the movie curtains, and the movie popcorn. and the movie popcorn flavored sprinkles.  *yumcry*",0
"@alandavies1 hey! Just to let you know completed it in 8h30m. Got my medal, celebrated with champagne, now in the pub!  x",4
JB's live chat was great ,4
@JillStrif me too! i have regents tommorow ,0
@sims yess its the saddest thing ive watched ,0
Lookin for somethin to do.... @_aud_ we need to sneak out and go somewhere tonight  ahaha mabye find some zombies,4
@kristenstewart9 haha! you dropping your award was the coolest thing! Congrats! Cant Wait 4 Twilight 2! ,4
@greg_sanders  i saw them at Wembley in 07 and at Download last week. I loves them. Mike Portnoy is incredible.,0
Meh! Got carried away with the drinking last night and now I'm hungover  Kinda writing off 1/2 the day for revision :/,0
"phone with @Drummer63  haha, he's being retarded.",4
"@witenike of course! I just realized I wasn't following you, oops. I've been in and out of twitter as of late ",4
I'm off to a graduation then church ,4
"I'd rather be alone than deal with anyone right now.  I never used to be like this, where is Prince Charming?",0
@josieinthecity Aww that's awesome! I love meeting new fashion people in the Twittersphere.    Q: What's your fave shoe brand?  ,4
"ahhh hr corrie brooks! 6-0, byebye lehigh ",4
my sunburn hurtsssss ,0
i think a 24hour gig like space  #ASOT400,4
"@N3W_Media  Know how you feel, am doing a load of admin ready for next week  but will work fast as want to spend some time outside ",4
"@ginawittmd - This aging shit is for the birds (LOL) - and yeah, will do. We'll raise a brew to you as we work. ",4
Is waiting for daddy to ome and do some more deorating on this lovely sunny day!!! then its shopping time this afternoon ,4
is far too sleepy for work  but getting ready anyway.,0
drunk as fuckkkkkk. sad cause i havent heard from john ,0
https://twitter.com/NickColley - See me new Wally ,4
@Rougite No me regaÃ±es   ,0
@BackStory What's next week's topics? I learned a lot from earlier's show... ,4
@tromboneforhire Aww........just a tad too far to meetup. And just pictures  of the Zune. ,0
I'm bored and really wanna cuddle ,0
"@tbush With that kind of money, though, you could brand a turd. Hmm. Actually, just realised that's what a lot of the industry does ",4
You know what? @coriandr is made of win. ,4
@GallifreyReject thx buddy ,4
"@pastorjpruitt We have authority over devils (Matt. 10:1) and we are seated with Christ in heavenly places far above (Eph. 1:20, 2:6). ",4
"@tophatdog Hehehe.I can imagine!Hmm,it would be great if you get out of work early  I think I gotta go sleep also! :/",4
is nearly coming back to the UK ,0
Back to Work ,0
@muffinwomanxo OME I LOVE BRITNEY SPEARS! third favorite singer of all time ,4
@marshellis nice!  Have fun.  great day for the beach! ,4
"marley's snoring like crazy, its cool to have a sidekick, he's great. i bought him a burberry collar today + his first dog tag ",4
Can't sleep and is very hungry ,0
Soccer practice tonight...7:55....working at 5am tomorrow ,0
@elbirth i doubt i am that popular but thanks  have gotten way too many DM's with links to the &quot;twitter traffic generator&quot;,4
@mnrmg OMG So Hot!...I could go on and on about those two docs but I'll spare you....They are JUST SO F'able!!!!! K...I'm done ,4
HOW CAN DUNKIN DONUTS BE OUT OF ESPRESSO! ,0
Re reading new moon ,4
Ok I been at work for 2 hours and it's only 8.37! Hmm 4 more days of this  oh well can sun bathe when I get home ,0
I might have to get my tonsils removed.... Oh no! ,0
omg its @Neeli24 =D i have no clue lol i was just super annoyed which made me laugh for some reason =P and i am smiling    ,4
@webaddict Johnny Carson didnt want Jay Leno on the show...so Im not sure he is turning over in his grave for Conan ,4
Ok  what is it?,4
NYC Phil Bensen show at the  Knitting Factory ,4
"@Beaniebanks thanks, i made that after you said about liking johnny depp style necklace, so thanks for insipartion ",4
"6 hours and counting... sending huge, fabulous energy across the world to 2 very special people ",4
Twitter - I'm back!  Did you miss me cherubs!    xxxx,4
@reverielarke A lot more booing is gonna roll down those ear canals. ,4
Enjoyed the day with Alex at Disney ,4
"@ddlovato could i please get a shout out or anything, i'm a huge fan, i can't wait for your new cd ",4
"@ReeBecki If you happen to see and 6-packs (cans) of Cold Smoke from Kettlehouse, I'd be happy to reimburse you... ",4
@linuxfoundation - Who should I contact if I need a 1099 for freelance work I did on Linux.com throughout 2008? Never got one. ,0
"@CrusaderRankin i would but alas, i do not possess a rifle of any kind  they gone now though!",0
about to go walk around and enjoy this nice day ,4
@rowbear1 nooooo.  dun be sad,0
@therealdnierod I am now! ,4
Wow I just found out that my office was broken into last night and our 52 &quot; t.v has been stolen. ,0
goodmorning!&lt;3 wishing the sun would come through the clouds  i can tell this is going to be one of those days..... ,0
"@CourtneySit a) movie is craaaap, b) good luck with the BS. i have just come out the other side, so if you need an ear, i am here ",4
30 min early to elem awards ceremony = 29 min too early. False advertisement = Boo ,0
Sleeping early on sleepovers again? ,0
my phone is dead still ,0
@colbertobsessed Thanks. Seventeen is just too young for one to die ,0
"With this camera, my plan is to set up a small business. photographing equestrians, and painting formal portraits from the photos. ",4
i wanna be loved by you... ,4
Y is 2day going by so slow ,0
"@petsalive Have an awesome day, thinking of you all! Did you have your coffee! Looking forward to pictures ",4
"Okay twits,  I am going back to doing some very important writing. Hoping to have an update in a few hours.  Thanks again for your help!!",4
My neck is stiff and hurts... ,0
"#pman #pman #pman #pman #pman @pman But thats not the point peter, I'm on a applescript mission  Dont wa.. http://tinyurl.com/r95ope",4
"Ugh, Class tomorrow ",0
@exframebuilder that's the standard tworse code for: A Monday after lot's of fun on weekends  Thanks God there's coffee ,4
@thornbek Erin Esurance is so hot. Carry on ,4
"@helloo_kitty LMAO! I'm always on there, saw a sooper cute one for like $300  ... Read More: http://is.gd/12TED",0
Oh shit its 12  I wanted to get a chalupa... they would have closed... oh noooooooooooo!,0
@reaching4amomnt aw   no fun.  I'll have to take your word for it.,0
A Tuesday song  ? http://blip.fm/~4oorn,4
"Very wobbly and shaky today  I'm very exhausted but rarely this wobbly, legs dont seem to want to work properly ",0
"@if__fi ????, ???. ?? ??????? ????? ?? ?????? ??????????? ",4
Has a dr appt today at 10:20......I'm nervous ,0
"@omgshinythings yeah, everythings fine now  thank you!",4
http://twitpic.com/4h07e - @MariKurisato I think I'll have to try again another night...couldn't get it right and it's like 2am! ,4
Intake Ridge http://is.gd/17EBQ trip canceled  Not sure what to do tomorrow now.. might be a trip to Gisburn Forest http://is.gd/17EGN,0
just woke up and i don't feel well. ,0
@BigYellowHero Thanks!  ,4
"waiting to shoot my student film today-people are late!, dont think we will get it all done ",0
@lydia_teamgreen Marriage course is not running on either of the bank holidays in May. Back and running next week ,4
@JessicklesFTW  my mutt just tried to rip mu aunt's face off. Sup w/ you?,4
"E3, are you ready? I'm not ",0
"Jon &amp; Kate + 8= my time, and their marriage ending... I dont know how I can watch this disaster but I am fasinated ",4
i'm just a little crazy student with a little bad habit .. ,0
@mariqueen Congrats!!  Always a good feeling.  I've been there myself 10 years ago. ,4
@AvArAgent901 generally speaking anything North of 88th &amp; West of I-25 Next Time ,4
"@burajiru did u see, i posted my vid to the site and kept with your funky soul thing ya got going on there ",4
Would it b wrong for me to talk shxt about @khleo_t? i wouldn't want him to cus me out like @bowwow614 almost did .. ,4
"@tommcfly Aww Tom, I'm so sorry  Guess it happens, but it'll never change the fact that your one of the best bands EVER! (...)",0
@elgato mine overheats and powers off ,0
@heycassadee lucky!!!  and near the sea too! :O seeing you tonight again =],0
@randomizemylife it happens to others too ,4
"@fivestrongs There are worse things you could settled down with!    I miss your blog posts, friend!",4
"Off to play Tennis at Bel Air, courts are wet  but, we will play anyway.",0
about to go to bedd.... but i feel so sick and im so conjested ,0
@robmuch AHHHH!!! My shirt got delivered today... But I won't get home till Friday!!!! ,0
"man, nothing like good oj in the morning w/toast &amp; eggs.  just missing some good coffee   need 2 go 2 store...",0
gym was good i dont feel good ,0
hates how we never talk anymore. wtf is your problem?  ,0
@CC450D yeah.. that was my 2nd time to see it. and it's still the same parin naman! LOL! ,4
 i wish i didnt eat my icccecream soo fast ,0
tryin 2 figure out twitter!!! sad she can talk 2 her guys in indiana ,0
@Lauren_Roberts_ Concert is on the 8th Aug. i *CANNOT* wait! We are gonna have fuuuun!! ,4
Having another Office Space moment.. Why is it only Wednesday ,0
Praying for a beautiful day for our engagement picture session ,4
@ilovenimbus have you not found a group yet?? ,0
Alright...I think this game is over ,0
Bonfire with some friends.  Did I say how good He's Just Not That Into You is? Lol.,4
here i am! ,4
wonders if she would get a Wedding dress before our presentation on monday!!! Need 1!!! (tears)  (unsure)... http://plurk.com/p/125gds,0
Morning @louisabouwer @laurakim123 ,4
I got here so early ,0
@genesisinvain mine is tomyum ,4
@TaraSutphen Hey Tara! I'm on Twitter now too!  &lt;---- such a &quot;newb&quot; hehe,4
@cripplingblow Ohhh... The only site I saw wherein you can listen to it is the link I gave on Tumblr. I can't even download it yet. ,0
"@ditut however u do it, i still don't like brokoli! well, beyom nyoba yg Mba bikin seehh.. ",4
"Just got off the plane at Dulles   Portland, i miss you already.",0
"Gutted, Lord Adonis has pulled out ",0
"On my lunch, ughhh im so sleeepy ",0
"Ps - Jessss! we miss you So muchh! when you come back, Slip n slideee  have fun foo(:",4
@sidesey yeah i'm used to it.but this year the temp nearly reached 45c. now i'm definitely not used to that! ,4
@melanyygomez I wanna come ,0
@meedee64  *snuggles* you be awesome.,4
@Boyislost Yeah I agree  Maybe I'll just get a trim hmm,4
nobody wants to leave me home alone ,0
I'm sad and torn. I hate when family and career clash! It sounds like a no brainer but it really isnt ,0
@britdanielle7 wow first time Kenny isn't sold out. Its the economy lol. I doubt I'll be able to go.. Cuz of money. ,0
@justinjwilliams I was not and I am not there tmrw. ,0
On the way... weekend passes for Wychwood and hot Aussie band The Panics join us in the studio for an acoustic set ,4
@THE_WOCKEEZ Hi guys I love u sooooooooooooo much!!! Its just so sad that I cant go to your presentations  But still U R DA BEST!!,0
My garbage disposal is broken.  ,0
Hahaha oh my goodness  late night txt's make the world go round  xo,4
@laurendelore @EmI_lEaSh @lazy_calm @itisnthealthy @iosker @mistawilly have a goodnite  OYASUMI!!!!!!!,4
 Why didn't we see this before?,0
"@FallenVixen I am so sorry, I wanted to see them too.... MKP told me to look b4 we left but I didn't so I fucked up. ",0
@Dannymcfly Hi to Harry ,4
first break for ads...  i am really impressed.... 45 minutes without a break.. that's a new number 1,4
i steal stuff city  haha!,4
"@ComedyQueen lmfao well i should be good if not tell me off mwhaha,, and i will tweet info ina bit lmfao ",4
buca ALL day-wishing mom and @cloudboat were closer so they could come in and visit me ,0
harry potter marathon. except for ss. can't find it ,0
@Lisa_Veronica @Jessicaveronica There was hardly any &quot;sessions&quot; i wanted to hear the songs full and live  Good Interview tho!,0
@krystalw051292 oh.. sorry if we do that  we won't ignore u anymore,0
@mayhemstudios I will do that  Enjoy your nap sweetie and we'll talk again soon!,4
I just back from the mall with my mom &lt;3  Explain to me why so hard to find beautiful dresses  ?,0
"http://twitpic.com/6frky - Yeah, so what if I do wear too much makeup ",4
Gahhh....little cousins are tiring!! ,0
sedang pusing pusing  http://plurk.com/p/13rzic,0
@ColorblindFish Awesome!!!  I'm SO ready for the ATL show.  Will be there Wednesday afternoon.  Where will you be?  ,4
"@jmoonah Just spotted your entry for the #140conf contest. And only days after I got that damned song out of my head, too. ",0
@ school waiting for class to start....ugh....I need COFFEE!!!! LoL ,4
My good friend Sargis had his last day at school. He'll miss Grad  . Hopes he has fun in Armenia. I'm gonna miss him.  C ya at high school,0
@barneyh Jesus is that you barney ....You've surfaced on twitter ... Albeit with a declaration of war ,4
"@coollike Oh please film as you go! People won't care, just tell them it's for Britain's Got Talent or Expenses Scandals ",4
the wedding is off..  but i've already paid for my bridesmaid's dress,0
"@1capplegate sounds like my name is earl, i really dont get why they cncl the best shows ",0
I love thunderstorms!  ahhh ,0
@leas  sux maybe u shoulda try a martini?,0
@JamieBen Thank you ,4
wants to go Capital Summertime Ball ,0
Spent some family time at the mall... bought myself nothing again  I have to shop online these days. My kids are too much for RL shopping,0
@kindart we've already had maccas AND pizza. no help ,0
@SallysChateau The sun is having a lovely time here in Dorset... we're only a Ryanair flight away from the South of France ,4
Trip to port lympne soon yay!!  even if there is a massive hill,4
"@MrBillyBones although it would be the highlight of the summer, sadly must attend show in VT  no other option?",0
I have to go.  Bye!,0
"I don't know why we bother coming in on days like this - dead as a doornail. Still, off out for dinner - that'll cheer me up! ",4
@sairioulsy Imma good  You on le msn? xD,4
@crackberryfreak  another joining ,4
" Apparently the 'new' 3.0 is the same build as the GM, meaning I'll likely have the same [minute] issues I was having with the GM. #mlia",0
@MsMandyMay working hard today :-/ no time for tweeting so if u post pics don't delete til I get to see! ,4
@katierobinson06 You are not a fat cow!  Don't talk about my friend that way.  ,4
not in a good mood rite now!!!!!!!! ,0
ok so new moon stuff is on entertainment tonight here.. tonight?? hmm at least i think its tonight!! only on 3.30am now!!  tape is set!!,0
Sitting in traffic 35 miles from DC... ,0
oops  slippery fingers and no way to go back and edit. Can you point to an epiphany in your life? One incident when your life changed?,4
Continually screwed by the TV: we can't catch New York Undercover. Is there ANY reason to leave the TV  on at this point? ,0
"@yourlegsgrow y'know, that really isn't cool.  your phone hates me!",0
leavin baltimore!  a lil bit farther from philly,0
going 2 work twitter bees n twittiessssss I'll b bck later  don't miss me 2 much muahxoxo,4
@mileycyrus can't wait until i'll be able to watch &quot;last song&quot;  it's probably going be one of the best movies ever! i think... xD,4
I've been looking at Bitchincamero's blog. Now I want chocolate. Or s'mores covered with sea salt! ,4
@solidgame I saw te show too ,4
Zaxbys with the family then home to study for spanish 3 exam ,0
"@JamesHanna You make a good point; however, I am keeping my elevated blood pressure in mind, too ",4
The show is not going to be the same without Margaret.  Sad times! #apprentice,0
@LstInTheSeeThru hi hi am doing ok   how are you? I think Nico left for lunch,4
Is wishing she had enough money to travel with her best friend in Europe ,0
it looks like i'm gonna be sick. badly sick. maybe it's better if i sleep now i want to have my own slumber party even if i'm alone  tehee,4
I'm in such a pickle and I don't like waiting on replies ,0
Today is like a depressfest..... I kinda want to go to Cedar Point and party ,4
had a good birthday. got a $15 dollar iTunes gift card. YESSSSS. now i can get @Jonasbrothers Paranoid music video! SWEEET ,4
tweetdeck isn't working ,0
"@Jaderade_ oh yeah that's right! I saw that in @joshthomas87's tweet. well at least you have work on a public holiday, hurray ",4
@dannywood are u watching the atl/phil game? They are all wearing pink ribbons. I thought u would like that ,4
@BobbyAnthony happy bday hun ,4
@tjamesk aw  Hey when did you two get married?,0
@Clare_McGuire mine was the original N95 ,4
@kokupuff ok..a real life new new. i don't see the problem. i mean i ain't grow up destitute either but u couldnt keep me out the hood ,0
@mrjohnmcd thankfully we are mysterious silhouettes in Jamie's pics ,4
@NctrnlBst so what u not taking to me now?  *tears rolling down my face*,0
goodmorning twitterlings! i feel refreshed this morning! wish i didnt have to work today ,0
going to Ross! gosh I love shopping ,4
"@nikkiwoods aww    all 4 of us? whoa. we need 2 do a nikki recruit drive-top shelf only, selfish 1's need not apply! ",0
"Save me the drama for when my plate isn't full, in other news my computer's fan may be broken... ",0
@caiab luckyyy! haha my calendar on my phone just went off &amp; i got sad since i gotta wait till 4ish tomorrow. ,0
@partywithneha .... i met yesterday at tweetup &amp; introducing  @kapiljoshi who is from Indore working in Mumbai   ,4
"ÃÃ©Ã©Ã©s, megvan vÃ©gre a Roland Garros is, 3 szettben!!!! Roger Federer, you're the best!! ",4
"@kau_ilani With FileSocial you can share videos, pictures, zip files, doc, ppt... whatever!  Give us a try! http://filesocial.com",4
a new working day.... yalla benaaa ,4
"Twitterific is back online! But my neck, shoulder n back is not ",0
#tweetdeck for #iPhone seems very good although is being somewhat unstable at the moment. Crashy crash crash ,0
@berger43 I can't check them from my phone! ,0
"Trying out Hulu's new desktop application - so far fullscreen is delayed, but stretch screen ok. Checking out the pilot of Glee ",4
drinking coffee in a cup with 3 beautiful faces ,4
"is going to play fable 2 right now, not going to be on xbl though, only have one adapter ",0
mondays mornings ,0
.@appletartlet oh mr tweet is *so* useless!! ,4
@hummingbird604 Thanks Raul! ,4
http://twitpic.com/3ksg5 - A random picture of cute poop. ,4
@thecolorfred http://twitpic.com/6ppby -  Wish I was there. Have fun.,0
"I'm tired, but can't sleep. Tomorrow will be a long day! ",0
@GodEater other than http://developer.apple.com/iphone/ I'm not sure where to get it for 'free' sorry  (legally that should be),0
I think my bed screams my name. My pool's better ,4
@SuperTim it turned out better than i expected ,4
"On the skybus heading to tullamarine  quite down, i dont know when the whole family will be together again",0
@Figmom I seriously don't understand why they every say &quot;ungreased&quot;! What harm does spraying a little non-stick spray do to a recipe? ,4
bored  just had a sausage in bread it was amazing ,4
@dingyu I want dim sum!!!  ,0
Kirsten is never up in the morning. And i think she is mad at me ,0
Yurgh. My code smells really badly today. Definitely need less shoehorns and more time ,0
"thanks God for timely comfort and healing. Recovered from a fever, but is now left with a sore throat. ",0
It's time for #CoolorTool! Lego Rock Band - Tool.. DJ Hero - Tool.. Guitar Hero 5 - Tool.. The Beatles Rock Band - Cool. A horrible ratio ,0
Hay. I should have xbl by next week ,4
awwwww. i wanna go to the mtv awards. im jealous of everyone who gets to go.  it sounds lik sooo much fun !!!,0
@meerasapra u will have to pay royalty ,4
@tiarafranks oh good your up! i was about to start text harrassing you to wake up lol. see you soon ,4
"tomando una duchaaaa                  . having a showerrr   If someone wants to talk, talk.     si alguien quiere hablar , hable .",4
Wish I was going to a bubble blowing show.  I guess someone has to save the world one word at a time ,0
"all i've eatten today was, one pancake this morning, a sonic drink in the afternoon, and a frosty at night. pfft, ",4
"@Heromancer I'd like to be there, but on june/25 I have a fuckin' exam ",0
"@MissKibbles It's what I do best but thanks love for appreciating it x) Alot of love, from me to you  xox &lt;3.",4
woah..haven't updated my twitter for a week which was excruciating! haha been busy in school sorry guys ,0
We're now at the Urgent Care clinic bc Chris and Ava are both coughing... ,0
@ringram8 yea i know. im livin wit it...money is nice ,4
"11:11, I wish for you &lt;33 ",4
"@TimProvise yeah I did, there's two different ones even  cool!",4
@DavidMansion yipppppy  can't wait!!!!!,4
@mileycyrus http://twitpic.com/4fzo7 - It's very pretty (L) I love it xoxo Your hair is fantastic  I think is very good  please visi ...,4
"@Lybbe Oh, perhaps that WAS a different party, we had smooth jazz going ",4
argh. traffic. you guys okay? ,4
"Had a great workout this morning, then arrived to teach some competition techniques and fitness routines to a junior class. Great bunch ",4
@kalyanvarma Its more like.. the guy is retarded  ROFL,4
"HOME ALONE! Woop, woop! Then I was shuffled a sad song, now I'm depressed  Damn you iTunes.",0
Sucks I have to be so sick on a Friday!!  ,0
Untill this dude takes a nap... can't be sipping in front him.. can't be the drunk uncle in the family... lol..  I'm the only one he got!,4
"@abbybradz  I will miss your tweeting, and I will miss saying horribly inappropriate things to you IRL.",0
Might be moving to a new house. ,4
@colliderfrosty I'm so excited!!! ,4
@cchacecrawford Chacee i love you!! ,4
I miss my cuddles ,0
"@SineadGrainger OF COURSE i would say the second album is better than the first, but the first is still ace. ",4
@MirandaBuzz Really? ,4
"@joaniemaloney ive missed the first bit of it  im mostly tuning in for pearl jam though, heres hoping they dont play until later!",0
"@musicdenver Tweet something useful - I check to see if you have anything interesting to say, and move on if not. You're in the latter. ",0
talking to my friendon face book not looking forward to going into work today ,0
@paolaquidlat HAHA! Talagaa?  Sayaang!  Tsk. I missed a lot.,0
"okay,so i have to go to the doctors today! BLEH! wish me luck guys, and i heard tat Pete and Ash r having Marriage problems...not good! ",0
"Ok, it's really late. G'nite ppl ",4
"last night was nuts!! consisted of a lot of dancing, great times.......... live bands and a kegger ",4
"F*CK, I made a mistake in the last release, I forgot to send a file  /F*CK, la reguÃ© en el Ãºlitmo release, se me olvidÃ³ mandar un archivo",0
looking at tabs for all of the &quot;Boys Like Girls&quot; songs ,4
"@NathanaelB Vixen is due for a service, will have to wait until I've got paid work coming in though ",0
grabbing 40 winks ,4
@GucciLipgloss I love the new photo hun! ,4
scratch that; sleep on a stage bound. ,0
Sad thing is that G#A Theater just got repainted &amp; marquis was just refurbished. Sux especially since Athfest is next wkend ,0
@secret_thoughts I would expect nothing less! been v. quiet without you online! ,4
waiting for joey to buy her food now in tampines one. there's an awesome puma sale in tampines mall! great day out  - http://tweet.sg,4
i miss you ,0
added shave to gnome-utils and refreshed the build; everything but writing some code ,4
There is a cat in my room! I dont like cats ,0
"STUPID father, turned off the pc without asking permission. shit! ",0
Yay i figured out how to get the twitter backgrounds to work right some of them are pretty ,4
@LoveableLion Yes...Amandaland is a good place to be ,4
@azimsookoor  NO IT'S NOT. IT'S LIKE ME CALLING YOU COCO,0
@cerealjoe Thanks! I should be working on my thesis but I'm exploring Twitter  Thank you for frisbee event. ï¿½ plus tard!,4
Another early morning...I'm sooooo tired!! ,0
Ran out of Caffeine Pills ,0
"Reading the redeye, on the blue line to work ",0
 bringing my lovely back home. Sucks. Great day. I love her. Steven later.,0
Kind of awake. Having trouble applying myself to anything constructive. ,0
#FollowFriday @TheKJA is Kevin Anderson a tremendously talented writer whose books &amp; Tweets you just can't get enough of. You'll love him ,4
"@misscruisette  We have a pllace 2 go 2, a very nice one 2 ",4
@sweetandloved oh that sucks! ,0
MAN WHERE DA FCK DID ALL DEM AWC &amp; WDC LOVELIES GO? ,0
@JakCharlton Images in my head that I never wanted ,0
i wish i was capable of speaking my mind. . . ,0
Indeed. But it was kind of good because i got to hang out with my dad and Kristina for a long time instead. We played croquet like at 11. ,4
"@aprna Its pouring in Goa, but it's only occasionally drizzles in Bombay  Not fair :'(",0
"Whoah CRAP, THAT WAS A MISTAKE... do NOT put the three letters together in a tweet IM-EL-IM.. just got overwhelmed with Follow bots. ",0
@lonerespite not really beat...more modern american... either way i wish they had done him in college  would have been fun! ,4
@lyraliza  If you're allergic to dust you shouldn't be cleaning!,0
My favorite part of the night...@prissi2 said wait I think I just saw Jonas on the Burger King window...go back go back!! Haha hilarious! ,4
@ZolaMO Thank u soooo much Z! I wish u could be here too. I know you'll be here in spirit and I appreciate that. *hugs* ,4
@officialnjonas Totally Me ,4
http://twitpic.com/6upxr - The road to Miami..make the rain go away... ,0
"i have COOLEST MOM in whole world! Yeaah! Love u, mom ",4
"@AINow wow, i've checked the vids... awesome! thx for posting ",4
"morning tweeps, on today's calendar for us: returns, putting up event posters, and hopefully lots of bookselling   happy WTF Wednesday",4
Uk rating for Transformers 2 does not appear to have been decided. Hoping for 12a. My nearly 6 year old son would love to see that. ,4
"@shaundiviney omg that is so awesome, congrats  ily",4
bit nasty from playing tennis so showering and getting ready. dinner then to see my loves take the city play an acoustic show ,4
@lollieshopping Hahaha! I love the episode where they break Screech's parent's Elvis figurine! ,4
My PhD admissions interview is Saturday @ 2. I guess that's a good thing ,4
"@ilsegaboyil No tears, Rob boy, we're totally going to make up for it  Toats my goats!!",4
"Ok so pretty bad day of golf today, oh well rematch on Monday ",4
@OrientalBanana YAY!! I'm looking forward to watching it!! Too bad it won't get here until Monday ,0
@boodie5 im scared u see the emegency warning on the tv make sure u duck and cover ya head the tornado is comming.... i love u cuzzo ,0
@hipmamacita Sign me up! But you can keep the raffle tickets. Last thing we need is another toddler running around! Yikes. ,4
"@chalkycandy Yes, illegally. BUT I dont get to watch it as it happens, and thus I can't vote ",0
@LaBetenoir did you hear i walked from the Castle? in ze rain. and dropped my cell phone in a puddle. but shame they gave me coffee ,4
@MariDuB I couldn't save one of my animated ones sigh had to save it non animated and then it let me upload it ,0
@ironicpete thats cool - let me know if you ever want to have a butchers ,4
@ebassman @_CrC_     ,0
Uggh i can't believe i'm up at six in the morning during the summer ,0
@natasharamsey thank U! who knows maybe I can find such a gig! ,4
"@brightondoll, You can only fold a piece of paper 6 times, no matter how big it is! Try it ",4
@SuzeOrmanShow I want to come to the studio and sit at your desk and push the the pedals ,4
@sophieetex hey girrl. ,4
@LoveODT good morning to you sweetie ,4
What I learned at work today: Medicare sucks. Our healthcare system is a mess ,0
is going to take a trip to the land of nod ,4
"In keeping with my healthy buzz I made a cup of pur'eh slimming tea. It smells like fish  But I'll drink it, I want skinnies for runway...",0
"@Jamjar84 i got 2 much 2 do 2nite 2b bored. In bath still hav wash, dry, straight hair, get clothes ready etc ",0
"@bex1210 you still thinking about going to the Newcastle concert  ? Oh and hope everythings ok with your back, saw ur earlier tweets ",0
@tommcfly you're welcome. come back whenever you want! ,4
"heading to walmart soon    on a Saturday no less, gonna need an extra crazy pill today LOL",0
is bored as andre is playing on the wii ,0
@suitecherryl Money money moneyâ¦ it's so funnyâ¦ in a rich man's worldâ¦ Ahhhhhhhhhâ¦ ,4
"@grantimahara 6/23 would share a birthday with my 2-year-old, who by the way is a big fan. I'm totally sure that will influence the date ",4
@maddiequus Shes a no go for the show. Shes staying home to get a bunch of things done. ,0
@211me no love for canada...usa citizens only ,0
Now have windows 7 up and running....very very happy  it's got sum wicked new features http://bit.ly/jyWnz,4
@piiyaahn Yeah but I'm using it everyday so people would see it. Nooooooooooooo ,0
"Bring back last summer... Please? Back 2 when I had a job, a friend, &amp; the one I love desperately didn't hate me... Back 2 happiness. ",0
@FallingRainx umm .. that was sooo ego. (sorry) But thanks.. i guess.. :/  u 2 ,4
Also two of my sistas are off again this month  one going Portugal with her college and the other going tunisa with her man sooo happy 4..,4
"We need to remodel the house and the thoughts of doing it make me kind of ill   He has one way and I have anouther, I just want to move. !",0
workin...im so bord ,0
playing scrabble ,4
"Off from the nightshift, now headed to second job for the other half of this 16 hour work day. Can't listen to books at day job ",0
"@msilve No, they are not playing at CitiField tonight   I wish, though!  And who said I ever wanted to visit you? ;)",0
Its waaayyyy pass my bedtime...just gettin home...goodnight..back to business in the morn ,0
@UniqueGuitarist Yes they're the best. ,4
Check the bootyshorts thread for everyone who wants to Get Lowwww ,4
Thank u for all the #followfriday recs! You guys rock! ,4
"What a day at work, for the man! Nothing but problems and I wasn't able to spend a single moment doing anything other than work! ",0
@marvelvscapcom wow I love the Roots! Pretty busy night for you. man.. ,4
@WoWInsider I would be playing my old rogue but a friend took the account and could not get it back ,0
@nickzano miss watching WILAY  love the promo for final destination though!! ,4
@Diamond_rockk go us!! ,4
@carolindahlman Hey! Congrats  !,4
IÂ´m exhausted....... I really want to go to my bed and have a really good rest ,4
400 updatessssssssssssssssssssssssssssssssssssssssssssssss ,4
"@Rook1027 hmm, i've never heard of it, but i'm glad you liked it. ",4
"@Kettums ugh, that sucks. i hate when favorite bands break up. ",0
"So when I fell on my ass tonight, I scratched my phone to shit. ",0
@DawnRichard -- ma buddi boi @JusJey is dying over here! Lol. PLEASE say hi! He &amp; I would smile about it! ,4
"@KankzXD good idea! or i can just live underneath the bed with them, and the other 4000 people i intend on marrying ",4
"Well our bunny is sick again  high fever, panting and way to snuggly.",0
The staff from @Lakers is trying to make me go back to my car to return my camera. Nooo. ,0
PLEASE! I want of these   http://www.myspace.com/kestonkarter,0
@mikeyfresh121 have fun  ,4
@kirstiealley   I am a Capricorn also  we ROCK!,4
My chair broke  the gas lift mechanism's stuck at the bottom.,0
Still voting for Placebo. ,4
Designing my next tattoo! ,4
@ punkrockchick25 Haha no i just saw a commercial for it. . You wouldnt kill me ,0
"A good lesson, don't put slightly damp closes in a hamper. I had to rewish everything ",0
"@aweatherby Yay, you had cheese and tomato baps. However, you didn't share! ",0
@Cwluc haha! that's what I've been saying all week. g'morning to you too ,4
holy moly...what a night  and i'm sure i'll pay for it today,4
The frog didn't make it... ,0
Caught a fever over the weekend. Not going to class today .. Eating breakfast with Cheyenne .. Happy birthday mom!! ,4
going to get my braces off ,4
Getting ready to go out with Becca and hopefully @stephannie_gray (L) ,4
@MarquesAnthony Maaaaan! I wanna go to NY!  and Miami!,0
"@heatherberg AHH excting  &amp; once again, I am so jealous of you guys.",4
@HAMMER32 @anna8687 awwwww thx u guys!  I miss your smuttness too.,4
Craving for Angus beef. ,0
http://www.urbanacitizen.com/  Schoolbus crash is sad   Look at the Farmer's Market item!,0
feel really really pants ,0
"Gotta find some chow to feed my machine...baked tater or chopped salad? I would prefer a cheeseburger, but those days are gone. ",0
"Cant believe the similarities of 'Coraline' to my own novel!! Grrr, that's just spoiled a nice day ",0
@friendsofclari she'll be better in no time with the love and attention from both of you ,4
@dellamargaretta I'm so hungry but my mom said I could only have 1 pop tart ,0
@CigaretteLitRob You're telling me! can't wait to see where I end up once I finish school!! ,4
@ojdancingboy  i'm going to the airport with you. you just need to let me know all the flight info.,0
"Oh, gosh. I am watching news video of my friend's home burning.  I need to get a hold of her to see if they need anything.",0
"Lost my cell phone   Kristoffer has hidden it, and since it is on silent, it is a very good hiding place.",0
Ate organic pizza today...it didnt suck ,4
ouch! something in my eye and no mirror to get it out ,0
@mileswestwood living room tonight for a classic sunshine selection ,4
@johncmayer thats just wrong! ,4
@ebassman yes i didn't say anything a saw it right ,4
"All chores done, charming mail from Kai waiting for a reply, tomato soup later. So far, this days is going rather well ",4
@Mezandy @moopf  thanks for the FFs! ,4
@David_Henrie what is so special aqbout vancouver? I've never been there ,0
"Watched 'Kiss Kiss Bang Bang' for the first time last night, non-stop laughs ",4
@str33tl0laya North Korea should just get nuked! and it will save us all the trouble of that 4 ft tall man. lol funny !!! ,4
i am once again pondering away with the sims 2 ,4
"is having a shitty day. Work was a suck, I forgot my lunch on the kitchen counter, no one knows how to drive and my left ear hurts. ",0
sending out love and condolences to the low family.. it's never easy losing a grandparent ,0
"Beautiful warm, bright sunny spring Sunday here in Devon; birds singing &amp; butterlies fluttering. Back to work 2morrow after Easter break ",0
a take home law exam ,0
I thought the crackers were flavored milk! x( They were salty ,0
"Go to bed   catch her wings, now she dreams... She could fly , even she's not the kind, who believe in life. Anyway...GOODNIGHT",4
"On the CRAP bus to college, I want the coach ",0
1 more week til my holiday in Brighton - can't wait to see all the old crew ,4
Ok. The verdict is in. I'm gonna stay up a little longer and get this packing stuff done now. Will you keep me company? ,4
I burnt my tounge with hot chocolate yesterday.  i bet your wondering what i was doing drinking a hot drink in this frekin' weather.,0
@tnewberry I was talking about the margarita machine. ,4
"@TaosJohn Yea, think I will stick with NM/CO for now. I like views. ",4
Just now getting into my bed...long days = sleepless nights ,0
back home and doing revision whilst listening to music  xx,4
Yay.. Swine Flu Virus is &quot;following&quot; me now.. ,4
@mel_rocks yes..yes they do!  ahah i wonder if justin will sing a lead?,4
beautiful DAY in the NYC... am im sitting here borad at work ,0
why am i so stressed ,0
Fuck!!! My pink laptop is trippin'!!! ,0
got back from DISNEY late last night ,4
okay so im pretty sure im living &quot;teardrops on my guitar&quot;. need to call joss and have a cry ,0
@PatchHeartsRR Poor Ry ,0
"off to see a baseball game, I think... let you know how it all went. ",4
 Microsoft Windows Guru program came to an end for a lot of east coast guru's,0
The holiday begins.  Inspired by @cloudgazer I may go for a walk then cut the grass.  On the other hand ....  I may .... not ,0
why is Ch 5 boring people on Fri nights??there's practically NOTHING on tv  - http://tweet.sg,0
i low key miss my melody ,0
"@iloveAC slut, you never talk to me! but yet you talk to rinn!  waa waaa waaaaaaaa lol i love you courtney (:",0
"So, having successfully started a Twibe #Lunigiana, just &quot;checking out the plumbing&quot; &amp; hoping it all works ",4
"@SerenityEve Also follow the @btub account, any events usually get tweeted from there. ",4
@rebecca_pointe yes i did! you werent in this chapter though  but definitely the next one! ...waffle house....lol go read it though!!,0
Leaving for MSP.  Here's hoping for no delays.  Oh and already forgot something ,4
Bleh... sick. Worse than yesterday ,0
Had a good ass weekend..Now im on my way to see  &quot;The Hangover&quot;. Heard it was pretty funny! ,4
Getting excited for my baby shower today ,4
"weather, please straighten up ",0
"hmm, went to the gym for the first time in over a week an only stayed for 30mins ",0
"Kings Of Leon are a really good band, like their stuff a lot and they are good live too. No lip-syncing or screeching.. ",4
"am a stress head again, it took all of 5 minutes in the office. How depressing ",0
"@CBD126 Worse. He went home to work at 9, and I work in a half hour. ",0
"@ryanseacrest... why so quiet???? My home page isn't the same without 20,000 messages from you strewn throughout ",0
@Ali_Sweeney  Hey you're on People.com!  ,4
@Raylonion new vivanno? holy crap say it aint so  the new way of brewing sucks though.,0
Goodnight!  I'll be awoken by Jeffrey in 2 hrs.  Miss him ,0
@RatedPG08 its the finale too ,0
@Ze3ky your just sayin she ain't ugly cause she's a porn star. but im takin that as an insult ,0
@girlwithnoname http://twitpic.com/6d44c - Looks like a great day at the beach ,4
@siskosje thats why i both a iMac with timemachine and extern harddisk that makes backups each hour!once a mac never a windows pc again ,4
"show was FANTABULOUS! i hope my mirror breaking doesnt come into affect for tomorrows performance, I LOVE ALL of you in my dance family ",4
"Walked on my treadmill while reading the last book of the Twilight series.  I should've ran, cuz I am not feeling good about my workout. ",0
5.45 am and scoffing burgers ,4
"Status report done for the week - thats the best part of an hour lost, oh the joys of status reports  glad I don't do timesheets as well!",0
Stupid legs being randomly achey. ,0
Yay just got done with night land nav very quick got all my points. ,4
"http://twitpic.com/6ehfe LAST STEP: drug test, wish me luck! ",4
RiChard Is HeRe! ,4
The weather is cold and I don't like it ,0
so much to think about ,0
@tweetypetitee Yes. Thanks to @ElePhatt for sharing with us ,4
morning tweets . . im twitter from my mommmy black burry  lml,4
no more glue in my gluestick. rip ,0
"back from holidays, and resting now  work 2morrow ",0
"@TracyeDukes Hey Tracye, good morning! ",4
"@nphase Personally, I think that began a few hours ago or every a day or so ago. There just weren't cameras there to catch it.  #iran",0
It's another GORGEOUS day out on the eastern plains on the ranch!  ,4
"I should sleep early today. LOOOONG DAY of work tomorrow - math hmwk, art self portrait, start english essay final, study for Comm1 final ",0
"i need to make friends who know how to play poker, i miss drunken poker nights ",0
I don't want to study.  ,0
@runningonice No problem   The hubster told me about it.  He actually called me from work ,4
"@hngryO I don't like traveling. I prefer 2 stay @ hm, especially cuz Lily &amp; Luffy are here! They don't eat whn I'm gone. ",0
I'm done calling him. I don't like waking him up. ,0
"@bwhywddrioxs Hi gorgeous .. thanks for the follow, now following u too ",4
"Oh, Heading home, want to know how r things going in Iran right now  my prayers with them",0
"@helpspb http://twitpic.com/6uxt7 - Oh, thank you so much  Mind posting the link when you've done it?",4
@BaldStephen I MISS YOU!!!!!! When are you coming to visit us???  It's been toooooo long!,4
@jr_raphael What a dweeb... Worst of all are his attorneys... taking his money... and making him look like a national fool! ....eh?  ,4
"@junelai a folding one didn't work with the pictures, they get creased ",0
@mileycyrus I am so upset that your tour has sold out!  I cried when I found out! Please can u try and add another Manchester date! Xxxx,0
Audio: I could listen to this song over and over and over  http://tumblr.com/xbn1yujyg,4
doesnt want to swim ,0
@seannwscott  i wanna see it   is it better than the other lot?,4
"@bmorebori did u see the video in it's entirety?? IT WAS BANANAS!! i like to see a good fight every now and then,...BUT THAT WAS SAD! ",0
@katyperry hi there katy! i'm jam from the philippines.i'm a huge fan! i soo love your music!! ,4
Cnt believe only 6hrs and 10 mins left of bein 14 !!! quite sad actuallz  x,0
@emilyfreeman just looking for iphone devs ,4
Breakfast at the Pink Cadillac ,4
excited for tonight  if only this stupid headache would go away.,4
We lost  so coming home tomorrow,0
catching up on a week's worth of my guilty pleasure (Hollyoaks) whilst OH is working late ,4
@fighttheprocess NO ASIA? ( sad.  i like waited for the BIG announcement. but no asia. ,0
Lol @bunnypwny told u i wouldn't forget to turn it back on lol but shit my dad didn't leave me money for cig's ,0
@prCarrD un-be-liev-ably so! but not creative...just filling orders! $$$ but not fun ,0
Whay so blue? Cabin??  http://twitter.com/swedeepea/status/2054919015,0
"HaPpy FaThErS DaY 2 ALL ThE DaDdYs OuT ThErE ThaT DesErVe iiT!!UrGh STiLL Do NoT LyK FaThErS DaY ThOu, SoO SaD!! ",0
"Twitter - Ñ?Ñ ÑÐ¾ÑÐ¾ÑÐ¾. Ð¢ÐµÐ¿ÐµÑÑ Ð²Ñ?Ðµ Ð³Ð°Ð²Ð½Ð¾ (ÑÐ¸Ð¿Ð° &quot;Ð¶Ð¸Ð·Ð½Ñ Ñ?ÑÑÐ°Ð½Ð½Ð°Ñ? ÑÑÑÐºÐ°&quot;, &quot;ÑÐ¾ÑÑ ÐµÑ?ÑÑ&quot; Ð¸ Ñ.Ð´.) Ð¿Ð¾Ñ?ÑÐ¸ÑÑ?Ñ? Ñ?ÑÐ´Ð°, Ð° Ð½Ðµ Ð² LiveJournal ",4
@NikiScherzinger  u r the best! I do showjumping bsja! i've jmped for my country and I luv it so much! I'd give u a shot on my horse! Xxx,4
@beckycheung @mileysupport cool ,4
enjoying my week off...now comes the busy part... ,0
Don't have to be rich to be my girl. Don't have to be cool to rule my world... Hee hee ,4
@dulcecandy87 omg! that's so sad! ,0
@OpheliaPunk apparently she's already given up and decided to leave us in the dark ,0
"@PauiSoAwesome No, didn't have a way to record it. No DVR.  They're probably gonna show highlights of the parade or just watch it online.",0
"should be heading to The Saturdays, but is actually at home being very ill ",0
Thinking I might get another Pauls Boutique bag tomorrow! ,4
@BrokerSaunders Nice pic to enjoy a cup of java by! http://bit.ly/F3R3r I'm finishing cup 2 ,4
"I call this one JAMBO, it's a feast of colour for the eyes  http://yfrog.com/4ovwtj",4
"#asot400 no cut out at this great song  some please twitter me the last song id, great vocals",0
found some local celebs here on twitter. i won't follow them though. ,4
It's the weekend! At least for those of you who have normal jobs. I go back to work tomorrow ,0
@lizanadya yup! It's also catchy too. I'm sooo regret that when they had a concert here I didn't get to attend! ,0
"After settling some confusion with Apple, I'm finally getting my own Mac ",4
OK so im getting out of bed i know i know its 3pm lol but anyways i need to get ready for work ,0
"emagod i just remembered 2mmrw im going 2 hv physics pre-test, hvnt known bout it well ",0
My boyfriend is a huge dork. ,4
right now i'm sitting on my bed and listening to the faint sounds of &quot;if you seek amy&quot; pounding from one of the rooms above me. ,0
"@hypatiadotca nope, mag stripe on the back.  Pretty cool hotel except the blew the bathroom, &quot;unigel&quot; soap/shampoo and no washcloths ",0
Made 32 cupcakes today. Cannot eat cupcakes. F U dairy free diet ,0
"watching dumb and dumber, jim carrey is way hot ",4
@bradleyjoyce NOOOOOOO!!! Thanks for wounding me and taking Â£11.2K... I was saving for a safe house in Rio! ,4
I have been bit by more Mosquitos in the last 3 hours than the last 3 years living in CO ,0
i think katy perry's eyes are scary.   she can't sing that well ,0
@marklane31 yay!!! im in ict reallly bored!!!!!!!      an yes it was a gud dream!! it was real weird there were horses in the garden,4
"@StageStallion I hot, but no culture? ;-) I indeed hot, if you like big bears. ",4
@whovian99 We'll see.  I like to learn languages.,4
@crysticouture &quot;splendidly awesome&quot; sounds like someone had a lil something in their cheerios  lol.,4
awww  last performance tonight. bitersweet goodbye,0
"2day kinda sucked, i went 2 bed @ 2am last night and i woke up @ 6am  school was shit i went to play with tim, aaron and kurtles this arvo",0
"i think someone that was a friend and apart of my life has gone today, he threatened Suicide earlier.  most of all i hope he's okay.",0
Went out with a bunch of mums last night for a meal got home at 1.15am !!! Party on I am going to be knackered later ,0
Just woke up my back and shoulder have been hurting for 3 days now...i hate the 1st of every month cuz rents due ,0
@Rove1974 but I've already drunken all of my polyjuice potion ,0
@sahilk was trying some more WP hacksactually  adding more fields to comment forms.. and more info to the notification emails.,4
"@bhshopping: eu iria, mas a applebee's Ã© muito cara! ",4
@helentaustin nice to meet you ,4
"@bradendouglass Some of the world's best skydivers love Deland's drop zone, might be a good match ",4
this song reminds me of last summer well bad. leeds party in the park  &quot;this song is about touching people&quot;   alphabeat  touching you,4
cluless  omg c in deabeat,4
@JonathanRKnight awww such a sweetie. hope your mom has a wonderful mother's day too ,4
is woke at 12:09 today is nice... not that hot though just nice and warm ,4
Had a good day in Sheffield but im now skint ,0
@CrimsonMe  regarding spymaster recruitment. I still don't have an invite ,0
"@jbofficalfans Hey just wanted to say, keep up the amazing work ! I'm supporting all the team &amp; fans ",4
going oit of the hotel  ,0
The updated AIM seems to take much longer to load for me ,0
@mhgoblue  that sounds terrible! Have you seen a doctor about sleep issues? I can't imagine the mix of insomnia + tired when you do sleep,0
@sharon94 hahahah oh that one was to buck ,4
"Awhhh, Know Wayy!! I Just Burnt My Toast It Was The Last Piece Of Bread Aswell! ",0
@ConnieGreen @ZnaTrainer @prosperitygal  Yes we must have fun no matter what ,4
"@soundofsatori  sucks mang, good luck on finding a new job!",0
@LittleFletcher yayyy such an ace film! I love singing the harmonies in &quot;pretty women&quot;  and joanna! Xxx,4
@ruxoz sounds like my food budget for a week ,0
@chilibump have voluntereed to work at for a month but they say they don't need me ,4
"@JouJou329 he wasn't nicest to me  I mean he doesn't owe me anythng, but a lil help from him gettin thru that zoo woulda been appreciated",0
watching the heroes finale ,4
is heading to a funeral ,0
@drdrew  Can you reveal the cast beforehand?  Like right now?  ,4
@chabcoyiuto We both know we are? I'm lost. Sorry ,4
"@stupidgirl_no1 That's prob it - no real objection to robots hitting each other, but had to confess found it a bit boring  High hopes too",0
@bharathy_99: Jazz in India is just Honda strategy to prove they can make affordable cars for the working class. It still doesn't fit me. ,0
my daughter is sick im out for the night bye yall i hope she gets better ,0
in a bad mood. i know no chemistry. at all. fail ,0
It's on LJ. But its not on youtube ,0
"really needs to stop staying up so late watching Prison Break but its hard, such a great show, to bad its over ",0
fuk no parking at my  favorite beach  boooo,0
Think i have hayfever ,0
I was....Left 4 Dead once again  I will be rescued someday!!!,0
wanted to go on guitar hero world tour but mother is watching eastenders ,0
Caseton has been having napping issues. He is down for the night after a LONG day. I'm ready to spend some quality time with my husband ,4
going to funeral today for friend and classmate who died in a car wreck last Friday ,0
today sucks  havent talked to dave all day. i really miss him. stupid work :/,0
"@staylor97 The red building is where we do woodwork at rainy days. It's real tiny! I want to turn it into a sauna, but the others don't. ",0
@megan_rice  keifer is being a butt and not twittering ,0
"@juanbarnard @rhettroberts Aw, you guys are totally awesome!  #bestbuddies",4
can have all day sickness if it wants but im gonna enjoy the sun it's nice in the garden ,4
"@Bipolarsmom2 Thankyou  I have started my own nursing blog, and I have a couple of other sites like Tumblr on the side.",4
IDIOT: Hi (at)Jessicas64  Th*nks for the follow (iAlex94),4
"@kinkpuppy i know the feeling. I've been so miserable this past two weeks cos i couldnt sleep at all before 5 am, even with all the meds ",0
best rainy night in a LONG time! ,4
Doesn't feel very well. ,0
Finally made it to toronto. Thats 24 hours ill never get back! 12hrs at penn station. 12hr bus ride. W fam and feelin good! ,4
"sses and cecil have missed you both twittering, glad you had good hols XX ",4
@moiswashere i love infinity too  such a good song!,4
Stranded and my car won't start and I don't know why. Help ,0
-Youre amazing in every way.  You dont even know...,4
My nephew came into this world at 6lbs 10oun . . . his name is ARI and I love love love him ,4
I don't want to go to work tomorrow night.  These two-day weekends suck! Thank goodness I have a 5-day weekend coming up.,0
"@sleemol Whereabouts are you? It's pretty touch and go around Toowong, it really depends on your area. Hope you're not on a contract! ",0
@marcos_placona I'd be interested in your thoughts in a couple months ,4
"i hear ya @fuelbot, i just don't know if my psyche can handle the misogyny and violence the film is sure to subject me to ",0
I just ate dinner and I'll do homework in a minute. Maybe. Maybe later. Who knows? ,4