unhappy ... prisoner home ...,0
love red lobster want,0
course want make feel even well,4
alice,4
weather good sit outside,4
find em day work sun finally shin,0
please reply never get reply anyone actually important ...,0
still like twitter ... nearly like facebok still can't figure get icon blackberry,0
phone's work,0
understand ... use arabic letter tweet ... feel sorry u,0
hope great week week start tomorrow thou im another lazy day today,4
jim get change sk8nbre take time need run red light,4
wish 38 degree finger long go frozen hehe p try addict twitter ..,4
say dont believe choose people yea im single,0
saw german tv yesterday youre awesome perfomance great meet german actor,4
love anymore,0
work .. lol .. im alone ..,4
stomatitis take vitamin tablet ...,0
great day forest together johanes arduous,4
make sad,0
last night work ... look forward nice day tomorrow king island,4
finally get opportunity listen stage beautiful heartfelt piece beautiful message,4
hope help simple channel support twitter,0
easy day,4
find punch dick,4
well yeah ... maybe ... play ...,4
away go exam,4
case might threaten take away farmer union ice coffee,4
#logies harold good win gold logie haha adam hill rove hate gretel kilen ever hire igneranous,4
ah keep pain body,0
hear thunder,4
ah early 90 person i'm 91 xp,4
miss doni work,0
i'm so tire happy oh i've hair cut love short long nah way atm read fruit basket online,4
glad 2hear kery didnt know gmtv morning miss,0
truthfully two term work newbie uber go figure,4
aplebe's watch play beer vodka pong chat good time,4
hey demi im big fan philippine,4
feel really confident two mix,4
hah mine break third time,0
2am eye itch like crazy def fuck pink eye screw boss cathi beware hug recently,0
lol often use multiple tweet sure say,4
seriously consider see tomorrow,4
lol ... see oprah use twitter ... need twitter trick ebok think could afford,4
aw hope feel well,4
think go bed hanah's graduation tomorrow today lol,4
sorry msg earlier can't wait reply haha xox michele remember friend,0
day inspiration go show something amazing offer give right platform,4
#thetonyawards guy doll sit rock boat flashback high school theatre nicely nicely love,4
could search aerobics limewire .. one girl break leg,0
mean sabotage way,0
oh hope die haha need u,0
want new jo bros album butcan get yet,0
honestly expect anything different iran #humanature,0
really hungry ... tempt finish half eat pound cake patient's tray ...,0
10.30 night domestic goddess,4
listen 3rd razorlight album ... abit shit,0
dread morning commute alabang makati,0
aw thank big hair best,4
good nice cool people follow,4
they're toffee teeth happy w8n thm pull fill,0
p i'm really look forward black white especially read short story prelude,4
sniff sniff cry story ... lame,0
recover seafood mistake seem old stomach cant handle food go .. wana sefod go,0
go go hang chick ..,4
happy ;) well still washing thing make little less happy ;) fine,4
good knight sweetie,4
make sad,0
cut hair omg short.haha.so ur goin im sry tdi ex trus sency tapi gak lama masi sakit kakinya cium dulu,0
sorry tweet give detail link site guessed clear enough often case,0
could anyone hate except early morning boundless energy could understand hate,4
nordstrom's great custumer service article clothing set aside member extremely user friendly thanks,4
officially business jamaica,4
find jrm icon,4
get ready go movie,4
mum take mobile,0
kris allen tonight show,4
recap bgt verdict we've bloging like crazy finger hurt type much,0
go masey dance recital tonight get see paige casey people see forever,4
apparently eventually heed call,4
chilin,4
argo disturbingly uneventful i'm disappoint,0
yes 10yrs wild ride keeper put,4
added grabit drill bit tool appear park allen tool head hard grabit drill,0
ops think i'd turn update fix sorry bout,4
dog hurt paw last night limp morning,0
relax crazy wedding weekend pool party later,4
tuesday,0
chainreaction one supplier price sale frame ouch,4
aw man skewl iz ii cnt believe go bi freakin fast man ima miz every especially ele reisha nd coco,0
stop posting abou eurovision loser watch though,0
bit soggy run today 1/2 hour co mom guest good starter wonder what's dinner,4
huge fan today i'm little sad,0
watch inside vietnam war national geographic ... i'm sleepy,0
suces morgen trusten,4
can't believe i'm go last class ever australia,0
#twatypos ... tweet sadly,0
clean room,4
oh alright drank way much usual come pretty early morning,0
disappointing,0
chica always lose shit time use tiny wallet like paper thin black hard see shit,0
nadia,4
brainstorm ... design ... love,4
o o ooh pick pick since everyone flake passport readiness need va-cay,0
i'm hoping wish enjoy final cracker day college make amazing memory take away,4
nathan 13 guess reach limit twitter,0
ugh rip back toe sock learn knit big floppy starting cuz coffee 12am,0
yes awesome,4
i'l waitin hear ... look forward come,4
that's good socute kity's purr happy little heart princess,4
ah ... memory good time part say ... good thing must come end,0
slow start somewhat plan ... boo u much night cuz breathe cold tx allergy,0
legs mostly stiffness neck back forget eat banana afterwards,0
remember good tomagotchi mom go school tell mom fee would die forget,0
phil collins one hero love <3,4
so devious today,4
actauly sat watched whole series hill today #thehils happen ps3 break raining,0
long white dress must kind joke virgin please ain't fool folk oh best song,4
oh ok well tell u new twitter please,0
youtube link work can't use flash player iphone,0
bet awesome anyway congrats year,4
get sick feel,0
i'm sorry ur feel well pray speedy recovery,0
ugh ... yes movie curtain movie popcorn movie popcorn flavor sprinkle yumcry,0
hey let know complete 8h30m get medal celebrate champagne pub,4
jb's live chat great,4
regent tomorow,0
yes sad thing ive watch,0
lokin somethin ... need sneak go somewhere tonight ahaha mabye find zombie,4
haha drop award cool thing congrats cant wait twilight,4
saw wembley 07 download last week love mike portnoy incredible,0
meh get carry away drinking last night i'm hungover kinda write 1/2 day revision :/,0
phone haha he's retard,4
course realize follow ops i've twitter late,4
i'm graduation church,4
i'd rather alone deal anyone right never use like prince charm,0
aw that's awesome love meet new fashion people twitersphere what's fave shoe brand,4
ah hr corrie brook 6-0 byebye lehigh,4
sunburn hurt,0
think 24hour gig like space #asot40,4
know feel load admin ready next week work fast want spend time outside,4
age shit bird lol yeah we'l raise brew work,4
wait daddy ome deorating lovely sunny day shopping time afternoon,4
far sleepy work get ready anyway,0
drunk fuck sad cause havent heard john,0
see new wally,4
regaÃ£ e,0
what's next wek's topic learn lot earlier's show ...,4
aw ... tad far metup picture zune,0
i'm bore really wana cuddle,0
kind money though could brand turd hm actually realise that's lot industry,4
know make win,4
thx buddy,4